id_empresas,empresa_consorcio
1, UFRJ
2,Fortescue
3,Qair
4,Porto Central
5,Porto de Santos
6,UNIFEI
7,PTI/Furnas
8,Neoenergia
9,Yara/Raízen
10,Unigel
11,Angra I e II
12,Fortrescue
13,Enegix
14,EDP
15,Enerfin
16,White Martins
17,Enterprize Energy
18,AES
19,Casa dos Ventos
20,Shell/Raízen/Hytron/Toyota
21,Copel
22,Atlas Agro
23,Norte Energia
24,Solatio
25,Porto Norte Fluminense
26,HUB Begreen – Tio Hugo
27,HUB Begreen – Usina Escola de amônia na UPF
28,Minuano I
29,Minuano II
30,Chuí 09
31,Chuí V
32,Chuí IV
33,Chuí II
34,Chuí I
35,Verace 27
36,Verace 26
37,Verace 25
38,Verace 24
39,Verace 28
40,Verace 29
41,Verace 30
42,Verace 31
43,Verace 36
44,Verace X
45,Verace 35
46,Verace IX
47,Verace VII
48,Verace 34
49,Verace VIII
50,Verace IV
51,Verace VI
52,Verace V
53,Verace III
54,Verace II
55,Verace I
56,Aura Mirim IV
57,Aura Mangueira VII
58,Aura Mangueira XI
59,Aura Mangueira XV
60,Aura Mirim II
61,Aura Mangueira XIII
62,Aura Mangueira XII
63,Aura Mirim VI
64,Aura Mangueira XVII
65,Aura Mirim VIII
66,Aura Mangueira IV
67,Aura Mangueira VI
68,Vento Aragano I
69,Corredor do Senandes III
70,Corredor do Senandes II
71,Corredor do Senandes IV
72,REB Cassino I
73,REB Cassino II
74,REB Cassino III
75,PCT SLC Alimentos
76,Piratini
77,Engenho Coradini
78,Capão do Inglês
79,Coxilha Seca
80,Galpões
81,Cerro Chato II
82,Cerro Chato I
83,Cerro Chato III
84,Ibirapuitã I
85,Palmares
86,Fazenda Rosário 3
87,Fazenda Rosário
88,Fazenda Rosário 2
89,Atlântica II
90,Atlântica I
91,Atlântica IV
92,Atlântica V
93,Pontal 2B
94,Pontal 2A
95,Pontal 3B
96,Biotérmica Recreio
97,São Sepé
98,Elebrás Cidreira 1
99,Índios 2
100,Índios
101,Índios 3
102,Osório 3
103,Osório
104,Sangradouro 3
105,Osório 2
106,Sangradouro
107,Sangradouro 2
108,SVA
109,CAAL
110,Xangri-Lá
111,Picada 48
112,Dona Francisca
113,Canastra
114,Bugres
115,Toca
116,Itaúba
117,Cambará
118,Itaqui
119,Dona Maria Piana
120,Jacuí
121,14 de Julho
122,Monte Claro
123,Passo Real
124,Castro Alves
125,Soledade
126,Taipinha
127,Guaporé
128,RP 1
129,Igrejinha
130,Forespel - Energia Renovável de Pellets
131,São Borja
132,Faxinal
133,Saltinho
134,Trabuco
135,Treze de Maio
136,Cascata do Pinheirinho
137,Santo Antônio de Casca
138,Tubarão P&D
139,Púlpito
140,Osvaldo Dino Pigozzi
141,Santo Antônio
142,Nova Aurora
143,Rio do Ouro
144,Bom Jardim
145,Rio Palmeiras I
146,Rio Palmeiras II
147,Invernadinha
148,Andorinhas
149,Caxambu
150,Pinheiros II
151,Rio das Furnas
152,Passo de Ajuricaba
153,Rio Palmeiras
154,Teodoro Schlickmann
155,Mambuca
156,Rio Alegre
157,São José
158,Dona Mirian
159,Pirapó
160,Passo São João
161,Posto
162,Wiggers
163,Rio Chapéu
164,Volta Grande
165,Santa Maria
166,Rio do Poncho II
167,Caraguatá
168,Rio do Poncho I
169,Varginha Jelu
170,Nilo Bonfante
171,Cascata do Barreiro
172,Abaúna
173,Lages
174,Caveiras
175,Willy Faller
176,Bela União (Trincheira)
177,Barra Grande
178,Solar Boa Vista
179,Energir
180,Antunes
181,Garibaldi
182,Campos Novos
183,Carlos Bevilácqua
184,Pito
185,Pingo De Ouro
186,Megawatt Solar
187,Moinho
188,Passo Fundo
189,Garcia
190,Ivo Silveira
191,Barra Clara
192,Machadinho
193,Coqueiral
194,Frederico João Cerutti SA
195,Médio Garcia
196,São Roque
197,Garcia de Angelina
198,Passo do Cervo
199,Rio Fortaleza
200,Pery
201,Braga
202,Caa-Yari
203,Linha Granja Velha
204,Solar São Miguel
205,Solar São Gabriel
206,Cascata das Andorinhas
207,Solar São Rafael
208,Monjolinho (Antiga Alzir dos Santos Antunes)
209,Camboatá
210,São Sebastião
211,Spessatto
212,Aguti
213,Rancho Grande Ger
214,Bertoldo Jacobsen
215,Itá
216,Pinhal
217,Uvaiá
218,Apolo
219,Bossardi
220,Mario Fett
221,Marombas II
222,Barra Carneiro
223,Marombas I
224,Rondinha Chalana
225,Bom Retiro Chapeco
226,Parisotto
227,Macuco
228,Rio das Pedras
229,Casagrande SA
230,Foz do Chapecó
231,Índio Condá
232,Salto Pilão
233,Lambedor
234,Rio Tigre
235,Laje de Pedra
236,Santo Tessaro
237,Rafael Arabutã
238,Dona Amélia
239,Bruno Heidrich
240,R & F Energia
241,Brancher
242,Horst Purnhagen
243,Mogano Energia
244,Força e Luz São Pedro
245,Granja São Roque
246,Rio das Pacas
247,Curt Lindner
248,Das Pedras - Videira
249,Helena Kuhlemann
250,Barrinha Geração de Energia
251,Hacker
252,Karl Kuhlemann
253,Itajaí Biogás
254,Estreito
255,Itajaí
256,Lontras
257,Rio do Peixe
258,Frascal
259,G & D
260,Caju
261,Rudolf Lindner
262,Salto (Salto Weissbach)
263,Arroio Trinta
264,Rio Mato
265,Bandeirante
266,Liberdade
267,Alto Benedito Novo
268,Burro Branco I
269,Paraíso
270,Aparecida
271,Quebra Queixo
272,Rio Itaiozinho
273,Palmeiras
274,Cedros (Rio dos Cedros)
275,Heidrich
276,Amparo
277,Campo Belo
278,Horizonte
279,Cruz Alta
280,Cascata
281,Salto
282,Pacheco
283,Aquibatã
284,Água Doce
285,São Domingos
286,de Palmas
287,Enercol
288,Ernesto Lavratti Neto
289,Salto do Timbó
290,Detofol
291,Rio Bonito
292,Wasser Kraft
293,Baitaca
294,Maria Preta
295,Salto Pintado
296,Itapocuzinho II
297,Itapocuzinho
298,Bracinho
299,Rio Vermelho
300,Rio Vermelho URVE
301,Piraí
302,Móveis Paulo
303,Salto Claudelino
304,Energia Madeiras
305,São Lourenço
306,São Pedro I
307,Salto do Vau
308,Governador Bento Munhoz da Rocha Neto (Foz do Areia)
309,Chopim I
310,Governador Ney Aminthas de Barros Braga (Segredo)
311,Barra
312,Reinhofer
313,Guaricana
314,Fundão
315,Salto São Pedro
316,Curitiba Energia
317,Santa Clara
318,Rio Capivara
319,Salto Santiago
320,Generoso
321,Berneck
322,Governador José Richa (Salto Caxias)
323,Salto Osório
324,Salto Curucaca
325,Baixo Iguaçu
326,Parque I
327,Marumbi
328,Itaipu (Parte Brasileira)
329,Enxadrista
330,Ecoluz
331,Rio das Mortes
332,Dalba
333,Governador Pedro Viriato Parigot de Souza (Capivari/Cachoeira)
334,Pitangui
335,Rickli
336,Cachoeira
337,Padovani
338,Cabeça de Pato
339,Santa Branca (PR)
340,Melissa
341,Tibagi Montante
342,Apiaí
343,Nova Jaguariaíva
344,Velha
345,Puma II
346,Klabin Celulose
347,Serraria
348,Caldeira 6 Kairós
349,Mourão I
350,Salto do Iporanga
351,Alecrim
352,Governador Jayme Canet Júnior - GJC (Antiga Mauá)
353,Porto Raso
354,Fumaça
355,Turvinho
356,Ouro Branco
357,Lavrinha
358,Jurupará
359,França
360,Henry Borden
361,Usina e Fábrica de Papelão Apucaraninha
362,Santa Terezinha
363,Pedreira (Elevatória/Potência de bombeamento 93.500 kW)
364,São João Biogás
365,Itupararanga
366,Destilaria Melhoramentos
367,Salesópolis
368,Barueri
369,Vista Alegre
370,Bandeirantes
371,Tecipar
372,Paraibuna
373,Cdr Pedreira I
374,Rasgão
375,Santa Branca
376,Usaciga
377,Termoverde Caieiras
378,Santa Adélia
379,Bio Coopcana
380,Geo Elétrica Tamboara
381,Boa Vista
382,Jurumirim (Armando Avellanal Laydner)
383,Porto Góes
384,Jaguari
385,Paranapanema
386,Pirajú
387,Chavantes
388,Jacarezinho
389,Ourinhos
390,Rio Pardo
391,Rafard
392,Usina São Luiz
393,Rio Novo
394,Salto do Lobo
395,Canaã
396,Canoas I
397,Canoas II
398,UJU
399,Furlan Avaré
400,Tremembé
401,Salto Grande (Lucas Nogueira Garcez)
402,Arevale
403,Tanquinho
404,Pari
405,Santa Terezinha Paranacity
406,UFL
407,São Gonçalo
408,Destilaria Melhoramentos - Nova Londrina
409,Galvani
410,Macaco Branco
411,Tarumã
412,Usaçúcar - Terra Rica
413,Decasa
414,Água Bonita
415,Central GH Engenheiro Bernardo Figueiredo
416,Isabel
417,USI (Antiga Unidade Santo Inácio - USI)
418,Fontes Nova
419,Pereira Passos
420,Nilo Peçanha
421,Nova Iguaçu
422,Sodré
423,Ribeirão do Pinhal
424,Ester
425,Capivara (Escola de Engenharia Mackenzie)
426,Usi Bio
427,Costa Pinto
428,Vigário (Elevatória/Potência de bombeamento 90.820 kW)
429,Barra Grande 2
430,Barra Grande de Lençóis
431,Caarapó
432,Socorro
433,Rosana
434,Cidade do Livro
435,Iracema
436,Limoeiro
437,Maracaí
438,Cachoeirinha
439,Taquaruçu (Escola Politécnica)
440,Bracell
441,Lwarcel (Antiga Lençóis Paulista)
442,Andorinhas II
443,Funil
444,Cocal II
445,Barra Bonita
446,Santa Cecília (Elevatória/Potência de bombeamento 34.960 kW)
447,Barra Bioenergia
448,Porto Primavera (Eng° Sérgio Motta)
449,Cocal
450,Bioenergia Paraguaçu
451,Laguna
452,Amandina
453,Jacaré Pepira
454,São João
455,Três Saltos
456,Luiz Dias
457,Brotas
458,Brotas II
459,N O Bioenergia
460,Hans
461,Amandina II
462,São Fernando Açúcar e Álcool
463,São Fernando Energia I
464,Monteverde
465,Jacutinga
466,Laranja Doce
467,Alagoa III
468,Rio Bonito Três Vales
469,Quatá
470,LDC Bioenergia Leme (Antiga Coinbra - Cresciumal)
471,Henrique Portugal
472,Angélica
473,Bariri (Álvaro de Souza Lima)
474,Conquista do Pontal
475,Congonhal II
476,Santa Cândida I
477,Santa Cândida II
478,Serra Negra
479,Monjolinho
480,Usina da Serra
481,Floresta
482,Baldin
483,Sobragi
484,São João da Boa Vista
485,Santana do Deserto I
486,Posses
487,Quatiara
488,Boa Vista Capeada
489,Ribeirão
490,Pirambeira
491,Xicão
492,Simplício
493,Guaimbê 5
494,Guaimbê 4
495,Guaimbê 3
496,Guaimbê 2
497,Guaimbê 1
498,São Luiz
499,Picada
500,UFA
501,Eldorado
502,Quilombo
503,Cachoeira do Brumado
504,Clealco Queiroz
505,Ferrari
506,Paciência
507,Ilha dos Pombos
508,João Franco
509,Iacanga
510,Joasal
511,Zanin
512,Marmelos
513,Vista Alegre II
514,Vista Alegre I (Antiga Energética Vista Alegre)
515,Ubirajara Machado Moraes
516,José Togni
517,Pedro Affonso Junqueira (Antiga Antas I)
518,Walter Rossi (Antiga Antas II)
519,Ibitinga
520,Santa Cruz AB (Antiga Ometto)
521,Pedacinho do Céu
522,Passa Tempo
523,Biolins
524,Canabrava
525,Rio do Peixe (Casa de Força I e II)
526,Limoeiro (Armando Salles de Oliveira)
527,CTR Juiz de Fora
528,Euclides da Cunha
529,Lins 07
530,Lins 08
531,Lins 01
532,Lins 06
533,Lins 02
534,Lins 03
535,Lins 04
536,Lins 05
537,Caconde
538,Gargaú
539,Lucélia
540,Equipav
541,Equipav II
542,Serrania
543,Predilecta
544,LDC Bioenergia Rio Brilhante (Antiga Louis Dreyfus Rio Brilhante)
545,Piau
546,Branco Peres
547,São José da Estiva
548,Santa Isabel
549,Santa Luzia I
550,Dracena 1
551,Dracena 2
552,Barra do Braúna
553,Dracena 4
554,Panorama 06
555,Panorama 03
556,Biogás Bonfim
557,Panorama 02
558,Panorama 05
559,Panorama 07
560,Panorama 08
561,Panorama 04
562,Panorama 01
563,Usina Bonfim
564,Diana
565,Dr. Tito 2
566,Guatapará
567,Usina Monte Alegre
568,São Martinho
569,Rio Vermelho 2
570,Santa Cleonice
571,Bioenergia Mococa
572,Rio Vermelho 3
573,Cajuru
574,Camargos
575,Univalem Bioenergia
576,Univalem
577,São Martinho Bioenergia
578,São Martinho Energia
579,Miguel Pereira
580,Paulicéia
581,Ituerê
582,Promissão (Mário Lopes Leão)
583,Itutinga
584,Ilhéus
585,Lavras
586,Biopav II
587,Colombo Ariranha 2
588,Colombo Ariranha
589,Nardini
590,Da Pedra
591,Usina da Pedra
592,Fartura
593,Santa Cecília
594,Citrovita Catanduva
595,Pinheirinho
596,São Francisco
597,Nova Avanhandava (Rui Barbosa)
598,Santa Elisa - Unidade I
599,Ipê (Antiga Ceni)
600,Potirendaba (Antiga Cerradinho Potirendaba)
601,BVE (Antiga Ceni)
602,Catanduva (Antiga Cerradinho)
603,Pitangueiras
604,Da Mata
605,Da Mata 2
606,Ruette
607,Glória
608,Antônio Prado
609,Pirapanema
610,Limeira
611,Coronel Domiciano
612,Bazan
613,Ibitiúva Bioenergética (Antiga Destilaria Andrade)
614,Bortolo Carolo
615,Fibria MSII
616,Fibria MS (Antiga VCP MS)
617,Planalto Bioenergia
618,Bela Vista
619,Viralcool
620,Virálcool 2
621,Ervália
622,Rosal
623,Viralcool Castilho
624,Miradouro
625,Anil
626,Santana
627,Santa Bárbara
628,Monte Alto
629,MB
630,Jupiá (Eng° Souza Dias)
631,Santa Luzia
632,Gasa
633,Cevasa
634,Pioneiros II
635,Guarani Cruz Alta 2
636,Guarani Cruz Alta
637,Assis Chateaubriand(Antiga Salto Mimoso)
638,Furnas
639,Três Irmãos
640,Pioneiros
641,São José Colina
642,Pereira Barreto I
643,Pereira Barreto II
644,Pereira Barreto III
645,Pereira Barreto IV
646,Vale do Rosário
647,Pereira Barreto V
648,Eldorado Brasil
649,Noroeste Paulista
650,Noble Energia
651,Anjos
652,Brecha
653,Interlagos
654,Guarani Tanabi
655,Guarani Tanabi 2
656,Alta Mogiana
657,Mandu
658,Central Energética Alta Mogiana
659,Cachoeira dos Prazeres
660,Mogiana Bio-Energia
661,Brisas Suaves
662,Muniz Freire
663,Brito
664,Energia Maia Ltda
665,Guaíra  Energética
666,Vale do Paraná
667,Vertente
668,Santa Izabel
669,Onça Pintada
670,Ilha Solteira
671,Meridiano
672,Noble Energia II
673,Colombo Palestina
674,Marimbondo
675,Matipó
676,Marechal Mascarenhas de Moraes (Antiga Peixoto)
677,Colorado
678,Cachoeira Alta
679,Nova Ponte Queimada II
680,Bração
681,Casa de Força
682,Sinceridade
683,Buritis
684,Buriti
685,Roça Grande
686,Risoleta Neves (Antiga Candonga)
687,Moema
688,Pedranópolis 3
689,Pedranópolis 1
690,Pedranópolis 2
691,Samburá
692,Estreito (Luiz Carlos Barreto de Carvalho)
693,Divinópolis
694,Valinho
695,Porto Colômbia
696,João Camilo Penna (Antiga Cachoeira do Emboque)
697,Ingá Mirim
698,Guariroba
699,Doutor Augusto Gonçalves de Souza
700,Gafanhoto
701,Ingá
702,Bambuí
703,Total
704,Suíça
705,Frutal
706,LDC Bioenergia Lagoa da Prata (Antiga Louis Dreyfus Lagoa da Prata)
707,Colombo Santa Albertina
708,Jaguara
709,Simonésia
710,Igarapava
711,Chalé
712,Delta
713,Cerradão 2
714,Cerradão 3
715,Ouroeste
716,Cerradão
717,Santo Ângelo
718,Eco Vida Cajuru
719,Peti
720,Asja BH
721,Água Vermelha IV
722,Boa Hora 3
723,Boa Hora 2
724,Água Vermelha V
725,Boa Hora 1
726,Água Vermelha VI
727,Central Mineirão
728,Água Vermelha (Antiga José Ermírio de Moraes)
729,Florestal
730,Asja Sabará
731,Aracruz
732,Neblina
733,Carneirinho
734,Campo Florido
735,Coruripe Energética - Filial Campo Florido
736,Sumidouro
737,Araxá 2
738,Araxá 1
739,João Neiva
740,Usina Coruripe Açúcar e Álcool
741,Guilman Amorim
742,Coruripe Iturama
743,Usipar Industria e Comercio
744,Sá Carvalho
745,João de Deus
746,Cachoeira dos Macacos
747,Mascarenhas
748,Cachoeira do Oito
749,Aimorés
750,Usiminas 2
751,Dona Rita
752,Bela Miragem
753,Uberaba 2
754,Vale do Tijuco
755,Vale do Tijuco II
756,Lasa
757,Vale do Pontal 2
758,Cabrera
759,Santa Juliana
760,Pacifico Mascarenhas
761,Pacífico Mascarenhas
762,Agropéu
763,Poções
764,Salto Grande
765,Salto do Rio Verdinho
766,Nova Ponte
767,Tapuirama
768,Engenheiro José Luiz Muller de Godoy Pereira (Antiga Foz do Rio Claro)
769,Porto Estrela
770,Vale do São Simão
771,Cachoeira da Onça
772,Baguari
773,São Simão
774,Vetorial Corumbá
775,Córrego Ger
776,Ituiutaba
777,Salto Morais
778,Miranda
779,Uberlândia
780,Retiro Baixo
781,Algar Agro
782,LD Celulose
783,Guimarania 1
784,Guimarania 2
785,Martins
786,Iaco Agrícola
787,Dona Enedina
788,Amador Aguiar I (Antiga Capim Branco I)
789,Santa Vitória
790,Triângulo
791,Energética Tupaciguara (Antiga Central Energética Tupaciguara)
792,Bioenergética Aroeira
793,Barra dos Coqueiros
794,Tronqueiras
795,Pissarrão
796,Selecta
797,Espora
798,Amador Aguiar II (Antiga Capim Branco II)
799,Unidade de Bioenergia Costa Rica
800,Caçu
801,Cachoeira Dourada
802,Lages-Cemig
803,Dourados
804,Porto das Águas
805,Alcon
806,Emborcação
807,Bio Alvorada
808,Quirinópolis
809,Itumbiara
810,Caramuru Itumbiara
811,Serranópolis
812,WD
813,Três Marias
814,Goiasa
815,Serra do Facão
816,Vazante 1
817,Suzano Mucuri (Antiga Bahia Sul)
818,Vazante 2
819,Vazante 3
820,Corumbá I
821,Vale do Verdão
822,CEM (Antiga Camen)
823,Aliança
824,Unidade de Bioenergia Alto Taquari
825,Unidade de Bioenergia Morro Vermelho
826,Jataí
827,Tropical Bioenergia II
828,Aquarius
829,Sonora
830,Ponte de Pedra
831,Unidade de Bioenergia Água Emendada
832,Pirapora 3
833,Pirapora 4
834,Pirapora 5
835,Pirapora 2
836,Pirapora 6
837,Pirapora 7
838,Pirapora 9
839,Pirapora 10
840,Rochedo
841,Lar do Sol 1
842,Diamantino
843,Batalha (Antiga Paulista)
844,Tropical Bioenergia
845,NG Bioenergia I
846,Fênix
847,SM-01
848,Lago Azul
849,SM-06
850,Paracatu 4
851,Paracatu 2
852,Paracatu 3
853,Paracatu 1
854,DVPA
855,Itiquira (Casas de Forças I e II)
856,Enervale
857,Bioenergética Vale do Paracatu - BEVAP
858,Corumbá III
859,Irapé
860,Santa Marta
861,Veracel
862,Corumbá IV
863,Francisco Sá 1
864,Francisco Sá 2
865,Francisco Sá 3
866,Queimado
867,Mestre
868,Embaúba
869,Janaúba 8
870,Janaúba 7
871,Itapebi
872,Janaúba 11
873,Janaúba 9
874,Janaúba 10
875,Janaúba 6
876,Janaúba 5
877,Janaúba 14
878,Janaúba 4
879,Janaúba 13
880,Janaúba 12
881,Janaúba 3
882,Janaúba 2
883,Janaúba 1
884,Rio Claro de Goiás
885,Novo Milênio
886,FCR III Itapuranga
887,Jaíba 9
888,Jaíba 3
889,Jaíba 4
890,Jaíba SE1
891,Codora
892,Jauru
893,Esplanada (Antiga Jalles Machado)
894,Goianésia
895,São Judas Tadeu
896,Cooper-Rubi
897,Ita 01
898,Ita 02
899,Barralcool
900,Glicério Rocha
901,Caramujo
902,Manso
903,Dona Assunta
904,Desidério
905,Juba II
906,Itamarati
907,Juba I
908,Pelourinho
909,Borgo
910,Coqueirinho 2
911,Serra do Espinhaço
912,Papagaio
913,Espigão
914,Tamanduá Mirim 2
915,Caetité
916,Caititu
917,Inhambu 2
918,Teiú 2
919,Arapapá
920,Coqueirinho
921,Angical 2
922,Corrupião 2
923,Acauã
924,Ararinha Azul
925,Teiú 3
926,MAX-01 (Nova Lacerda)
927,Inhambu
928,Tamanduá Mirim
929,Angical
930,Teiu
931,Caititu 2
932,Caititu 3
933,Corrupião
934,Carcará
935,Corrupião 3
936,Caetité 3
937,Guirapá
938,Pindaí
939,Guanambi
940,Alvorada
941,Caetité 2
942,Candiba
943,Licínio de Almeida
944,Ametista
945,Rio Verde
946,Caetité 1
947,Serra do Salto
948,Caetité D
949,Verde Vale III
950,Seraíma
951,Caetité A
952,Maron
953,Dos Araçás
954,Ventos do Nordeste
955,Caetité B
956,Caetité C
957,Tanque
958,Morrão
959,Pilões
960,Pajeú do Vento
961,Cristalândia III
962,Planaltina
963,Cristalândia II
964,Da Prata
965,Cristalândia I
966,Joana
967,Emiliana
968,Nossa Senhora da Conceição
969,Pedra
970,Porto Seguro
971,Igaporã
972,Serra da Mesa
973,Coprodia
974,Inpasa Mutum
975,Buritizal I
976,Margarida 2
977,Aura Tanque Novo 02
978,Masutti
979,Aura Caetité 04
980,Aura Tanque Novo 01
981,Aura Caetité 03
982,Aura Tanque Novo 03
983,Aura Caetité 02
984,Miranda Estância
985,Aura Caetité 01
986,Cana Brava
987,Juruena
988,BJL 11
